Workbook

Sheet Spirits Menu
A1: Spirits
A2: Every spirit on the back bar, grouped by type. Yellow price cells are waiting for SpotOn prices.
A4: Spirit | B4: Price
A6: VODKA
A7: Belvedere Organic
A8: Grey Goose
A9: Ketel One
A10: Tito's
A12: GIN
A13: Bombay Sapphire
A14: The Botanist
A15: Empress 1908 Cucumber Lemon
A16: Hendrick's
A17: Roku
A18: Sipsmith London Dry
... A151: St. George Bruto Americano

Sheet Inventory
A1: Back-Bar Bottle Inventory
A2: ="Built from 4 shelf photos: "&SUM(G5:G116)&" bottles across "&COUNTA(D5:D116)&" products. Each bottle is counted once, even where photos overlap." -> Built from 4 shelf photos: 114 bottles across 112 products. Each bottle is counted once, even where photos overlap.
A4: # | B4: Category | C4: Style | D4: Brand | E4: Expression | F4: Origin | G4: Qty | H4: Where in the photos | I4: ID confidence | J4: Notes
A5: 1 | B5: Vodka | C5: Vodka | D5: Belvedere | E5: Organic | F5: Poland | G5: 1 | H5: Photo 4 · bottom shelf | I5: Medium | J5: Frosted bottle with a white tree; label partly hidden (reads '…EDERE ORGANIC VODKA').
A6: 2 | B6: Vodka | C6: Vodka | D6: Grey Goose | E6: Vodka | F6: France | G6: 1 | H6: Photo 4 · bottom shelf | I6: High
A7: 3 | B7: Vodka | C7: Vodka | D7: Ketel One | E7: Vodka | F7: Netherlands | G7: 1 | H7: Photo 4 · bottom shelf | I7: High
A8: 4 | B8: Vodka | C8: Vodka | D8: Tito's | E8: Handmade Vodka | F8: USA | G8: 1 | H8: Photo 4 · bottom shelf | I8: Low | J8: Label faces sideways; only '…'s' and '…de' are visible. Worth checking.
A9: 5 | B9: Gin | C9: London dry | D9: Bombay Sapphire | E9: London Dry Gin | F9: England | G9: 1 | H9: Photo 1 · bottom shelf, back left | I9: Medium | J9: Partly hidden; blue bottle with 'BOMBAY' label.
A10: 6 | B10: Gin | C10: Dry gin | D10: The Botanist | E10: Islay Dry Gin 22 | F10: Scotland | G10: 1 | H10: Photo 4 · bottom shelf | I10: High
A11: 7 | B11: Gin | C11: Flavored gin | D11: Empress 1908 | E11: Cucumber Lemon Gin | F11: Canada | G11: 1 | H11: Photo 4 · bottom shelf | I11: High
A12: 8 | B12: Gin | C12: Distilled gin | D12: Hendrick's | E12: Gin | F12: Scotland | G12: 1 | H12: Photo 4 · bottom shelf (also Photo 1) | I12: High
A13: 9 | B13: Gin | C13: Japanese gin | D13: Roku | E13: Japanese Craft Gin | F13: Japan | G13: 1 | H13: Photo 4 · bottom shelf | I13: High | J13: Made by Suntory.
A14: 10 | B14: Gin | C14: London dry | D14: Sipsmith | E14: London Dry Gin | F14: England | G14: 1 | H14: Photo 4 · bottom shelf | I14: High
A15: 11 | B15: Gin | C15: London dry | D15: Tanqueray | E15: London Dry Gin | F15: Scotland | G15: 1 | H15: Photo 4 · bottom shelf | I15: High
A16: 12 | B16: Rum | C16: Black rum | D16: Gosling's | E16: Black Seal | F16: Bermuda | G16: 1 | H16: Photo 2 · bottom shelf, left bay | I16: High
A17: 13 | B17: Tequila | C17: Blanco | D17: Casamigos | E17: Blanco | F17: Mexico | G17: 1 | H17: Photo 2 · bottom shelf | I17: High
A18: 14 | B18: Tequila | C18: Blanco | D18: Clase Azul | E18: Plata | F18: Mexico | G18: 1 | H18: Photo 3 · top shelf | I18: Medium | J18: Clear glass decanter with a flower emblem; named from the decanter design (no label text visible).
A19: 15 | B19: Tequila | C19: Blanco | D19: Don Fulano | E19: Blanco | F19: Mexico | G19: 1 | H19: Photo 2 · middle shelf | I19: High
A20: 16 | B20: Tequila | C20: Blanco | D20: Don Julio | E20: Blanco | F20: Mexico | G20: 1 | H20: Photo 2 · bottom shelf | I20: High
A21: 17 | B21: Tequila | C21: Blanco | D21: Dulce Vida | E21: Organic Blanco (100 proof) | F21: Mexico | G21: 1 | H21: Photo 2 · top shelf | I21: High
A22: 18 | B22: Tequila | C22: Blanco | D22: El Tequileño | E22: Platinum | F22: Mexico | G22: 1 | H22: Photo 2 · bottom shelf | I22: High
A23: 19 | B23: Tequila | C23: Blanco | D23: El Tesoro | E23: Blanco | F23: Mexico | G23: 1 | H23: Photo 2 · bottom shelf | I23: High
A24: 20 | B24: Tequila | C24: Blanco | D24: Espolòn | E24: Blanco | F24: Mexico | G24: 1 | H24: Photo 2 · bottom shelf, left bay | I24: Medium | J24: Expression judged from the label design.
A25: 21 | B25: Tequila | C25: Blanco | D25: Fortaleza | E25: Blanco | F25: Mexico | G25: 1 | H25: Photo 2 · middle shelf | I25: High
A26: 22 | B26: Tequila | C26: Blanco | D26: Fortaleza | E26: Blanco Still Strength | F26: Mexico | G26: 1 | H26: Photo 2 · middle shelf | I26: High
A27: 23 | B27: Tequila | C27: Blanco | D27: Gran Patrón | E27: Platinum | F27: Mexico | G27: 1 | H27: Photo 2 · top shelf | I27: Low | J27: Tall crystal decanter etched 'PATRÓN'; expression not readable, Platinum is a best guess.
A28: 24 | B28: Tequila | C28: Blanco | D28: Irlandés | E28: Blanco | F28: Mexico | G28: 1 | H28: Photo 2 · bottom shelf | I28: High | J28: Shamrock label.
A29: 25 | B29: Tequila | C29: Blanco | D29: Lunazul | E29: Blanco | F29: Mexico | G29: 1 | H29: Photo 2 · bottom shelf | I29: High
A30: 26 | B30: Tequila | C30: Blanco | D30: Mijenta | E30: Blanco | F30: Mexico | G30: 1 | H30: Photo 2 · middle shelf | I30: High
A31: 27 | B31: Tequila | C31: Blanco | D31: Patrón | E31: Silver | F31: Mexico | G31: 1 | H31: Photo 2 · bottom shelf | I31: High
A32: 28 | B32: Tequila | C32: Blanco | D32: Siete Leguas | E32: Blanco | F32: Mexico | G32: 1 | H32: Photo 2 · bottom shelf | I32: High
A33: 29 | B33: Tequila | C33: Blanco | D33: Tequila Ocho | E33: Plata | F33: Mexico | G33: 1 | H33: Photo 2 · middle shelf | I33: High
A34: 30 | B34: Tequila | C34: Joven | D34: Clase Azul | E34: Gold | F34: Mexico | G34: 1 | H34: Photo 3 · top shelf (also Photo 1) | I34: Medium | J34: Glass decanter on a black ceramic base; named from the decanter design (no label text visible).
A35: 31 | B35: Tequila | C35: Reposado | D35: Casamigos | E35: Reposado | F35: Mexico | G35: 1 | H35: Photo 2 · bottom shelf | I35: High
A36: 32 | B36: Tequila | C36: Reposado | D36: Clase Azul | E36: Reposado | F36: Mexico | G36: 1 | H36: Photo 3 · top shelf (also Photo 1) | I36: High | J36: White ceramic decanter with cobalt-blue painting.
A37: 33 | B37: Tequila | C37: Reposado | D37: Don Julio | E37: Reposado | F37: Mexico | G37: 1 | H37: Photo 2 · bottom shelf | I37: High
A38: 34 | B38: Tequila | C38: Reposado | D38: Dulce Vida | E38: Organic Reposado | F38: Mexico | G38: 1 | H38: Photo 2 · top shelf | I38: High
A39: 35 | B39: Tequila | C39: Reposado | D39: El Tequileño | E39: Reposado | F39: Mexico | G39: 1 | H39: Photo 2 · bottom shelf | I39: High
A40: 36 | B40: Tequila | C40: Reposado | D40: El Tesoro | E40: Reposado | F40: Mexico | G40: 1 | H40: Photo 2 · bottom shelf | I40: High
A41: 37 | B41: Tequila | C41: Reposado | D41: Irlandés | E41: Reposado | F41: Mexico | G41: 1 | H41: Photo 2 · bottom shelf | I41: High | J41: Shamrock label.
A42: 38 | B42: Tequila | C42: Reposado | D42: Lunazul | E42: Reposado | F42: Mexico | G42: 1 | H42: Photo 2 · bottom shelf | I42: High
A43: 39 | B43: Tequila | C43: Reposado | D43: Mijenta | E43: Reposado | F43: Mexico | G43: 1 | H43: Photo 2 · middle shelf | I43: High
A44: 40 | B44: Tequila | C44: Reposado | D44: Patrón | E44: Reposado | F44: Mexico | G44: 1 | H44: Photo 2 · bottom shelf | I44: Medium | J44: 'Reposado' is faint on the glass; orange ribbon on the cork.
A45: 41 | B45: Tequila | C45: Reposado | D45: Tequila Ocho | E45: Reposado | F45: Mexico | G45: 1 | H45: Photo 2 · middle shelf | I45: High
A46: 42 | B46: Tequila | C46: Añejo | D46: Cazcanes | E46: No. 7 Añejo | F46: Mexico | G46: 1 | H46: Photo 2 · bottom shelf | I46: High
A47: 43 | B47: Tequila | C47: Añejo | D47: Don Fulano | E47: Añejo | F47: Mexico | G47: 1 | H47: Photo 2 · middle shelf | I47: High
A48: 44 | B48: Tequila | C48: Añejo | D48: Don Julio | E48: 1942 | F48: Mexico | G48: 1 | H48: Photo 3 · top shelf (also Photo 2) | I48: High
A49: 45 | B49: Tequila | C49: Añejo | D49: Don Julio | E49: Añejo | F49: Mexico | G49: 1 | H49: Photo 2 · bottom shelf | I49: High
A50: 46 | B50: Tequila | C50: Añejo | D50: El Tequileño | E50: Añejo Gran Reserva | F50: Mexico | G50: 1 | H50: Photo 2 · bottom shelf | I50: High
A51: 47 | B51: Tequila | C51: Añejo | D51: El Tesoro | E51: Añejo | F51: Mexico | G51: 1 | H51: Photo 2 · bottom shelf | I51: High
A52: 48 | B52: Tequila | C52: Añejo | D52: Mijenta | E52: Añejo Gran Reserva | F52: Mexico | G52: 1 | H52: Photo 2 · middle shelf | I52: High | J52: Black bottle.
A53: 49 | B53: Tequila | C53: Añejo | D53: Tequila Ocho | E53: Añejo | F53: Mexico | G53: 1 | H53: Photo 2 · middle shelf | I53: High
A54: 50 | B54: Tequila | C54: Extra añejo | D54: Dulce Vida | E54: Extra Añejo 5 Year | F54: Mexico | G54: 1 | H54: Photo 2 · top shelf | I54: High
A55: 51 | B55: Tequila | C55: Extra añejo | D55: Partida | E55: Elegante | F55: Mexico | G55: 1 | H55: Photo 2 · top shelf | I55: High | J55: Square glass decanter.
A56: 52 | B56: Tequila | C56: Extra añejo | D56: Siete Leguas | E56: D'Antaño | F56: Mexico | G56: 1 | H56: Photo 2 · top shelf | I56: Medium | J56: Round decanter with a '7' on the neck; label text is small.
A57: 53 | B57: Tequila | C57: Aged blend | D57: Patrón | E57: El Alto | F57: Mexico | G57: 1 | H57: Photo 2 · top shelf | I57: High | J57: Blend of reposado, añejo and extra añejo; dark green bottle.
A58: 54 | B58: Tequila | C58: Unconfirmed | D58: Clase Azul | E58: White decanter (style unconfirmed) | F58: Mexico | G58: 1 | H58: Photo 3 · top shelf | I58: Low | J58: White ceramic decanter with a white cap and gold flower; not the classic Reposado design. Check the label.
A59: 55 | B59: Tequila | C59: Unconfirmed | D59: Sativo | E59: Tequila (expression not visible) | F59: Mexico | G59: 1 | H59: Photo 2 · bottom shelf, left bay | I59: Medium | J59: Brand is readable; expression is hidden.
A60: 56 | B60: Mezcal | C60: Joven · espadín | D60: 400 Conejos | E60: Joven | F60: Mexico (Oaxaca) | G60: 1 | H60: Photo 3 · middle shelf | I60: High
A61: 57 | B61: Mezcal | C61: Joven · espadín | D61: Casamigos | E61: Mezcal Joven | F61: Mexico (Oaxaca) | G61: 1 | H61: Photo 3 · middle shelf | I61: High
A62: 58 | B62: Mezcal | C62: Joven · papalote | D62: Clase Azul | E62: Mezcal Guerrero | F62: Mexico (Guerrero) | G62: 1 | H62: Photo 3 · top shelf | I62: Medium | J62: Matte green ceramic decanter; named from the decanter design (no label text visible).
A63: 59 | B63: Mezcal | C63: Joven · espadín | D63: Del Maguey | E63: Vida Clásico | F63: Mexico (Oaxaca) | G63: 1 | H63: Photo 3 · middle shelf (also Photo 1) | I63: High | J63: Single Village mezcal.
A64: 60 | B64: Mezcal | C64: Joven · espadín | D64: Dos Hombres | E64: Joven | F64: Mexico (Oaxaca) | G64: 1 | H64: Photo 3 · middle shelf (also Photo 1) | I64: High
A65: 61 | B65: Mezcal | C65: Joven · tobalá | D65: Dos Hombres | E65: Tobalá | F65: Mexico (Oaxaca) | G65: 1 | H65: Photo 3 · middle shelf | I65: High | J65: White ceramic bottle.
A66: 62 | B66: Mezcal | C66: Joven · espadín | D66: El Silencio | E66: Espadín | F66: Mexico (Oaxaca) | G66: 1 | H66: Photo 3 · middle shelf (also Photo 2) | I66: High
A67: 63 | B67: Mezcal | C67: Joven · espadín | D67: Ilegal | E67: Joven | F67: Mexico (Oaxaca) | G67: 1 | H67: Photo 3 · middle shelf | I67: High
A68: 64 | B68: Mezcal | C68: Joven · espadín | D68: Rosaluna | E68: Joven | F68: Mexico (Oaxaca) | G68: 1 | H68: Photo 3 · middle shelf | I68: High
A69: 65 | B69: Bourbon | C69: Finished bourbon | D69: Angel's Envy | E69: Triple Oak | F69: USA (Kentucky) | G69: 1 | H69: Photo 1 · middle shelf (also Photo 3) | I69: High | J69: Finished in Hungarian, Chinkapin and French oak.
A70: 66 | B70: Bourbon | C70: Straight bourbon | D70: Basil Hayden | E70: 10 Year | F70: USA (Kentucky) | G70: 1 | H70: Photo 1 · middle shelf | I70: High
A71: 67 | B71: Bourbon | C71: Straight bourbon | D71: Basil Hayden | E71: Toast | F71: USA (Kentucky) | G71: 1 | H71: Photo 1 · middle shelf | I71: High
A72: 68 | B72: Bourbon | C72: Straight bourbon | D72: Buffalo Trace | E72: Kentucky Straight Bourbon | F72: USA (Kentucky) | G72: 1 | H72: Photo 1 · bottom shelf, back row | I72: High
A73: 69 | B73: Bourbon | C73: Straight bourbon | D73: Bulleit | E73: Bourbon | F73: USA (Kentucky) | G73: 1 | H73: Photo 1 · bottom shelf | I73: High
A74: 70 | B74: Bourbon | C74: Straight bourbon | D74: Eagle Rare | E74: 10 Year | F74: USA (Kentucky) | G74: 1 | H74: Photo 1 · bottom shelf | I74: High
A75: 71 | B75: Bourbon | C75: Single barrel | D75: Four Roses | E75: Single Barrel | F75: USA (Kentucky) | G75: 1 | H75: Photo 1 · bottom shelf | I75: High
A76: 72 | B76: Bourbon | C76: Straight bourbon | D76: Four Roses | E76: Small Batch | F76: USA (Kentucky) | G76: 1 | H76: Photo 1 · bottom shelf | I76: High
A77: 73 | B77: Bourbon | C77: Blended straight bourbon | D77: High West | E77: American Prairie Bourbon | F77: USA (Utah) | G77: 1 | H77: Photo 1 · middle shelf | I77: High
A78: 74 | B78: Bourbon | C78: Flavored (banana) | D78: Howler Head | E78: Banana Bourbon | F78: USA (Kentucky) | G78: 2 | H78: Photo 1 · bottom shelf, back row | I78: Medium | J78: 2 bottles; one is turned so its back label faces out.
A79: 75 | B79: Bourbon | C79: Straight bourbon | D79: Kentucky Owl | E79: Confiscated | F79: USA (Kentucky) | G79: 1 | H79: Photo 1 · top shelf (also Photo 3) | I79: High
A80: 76 | B80: Bourbon | C80: Wheated bourbon | D80: Maker's Mark | E80: Bourbon | F80: USA (Kentucky) | G80: 1 | H80: Photo 1 · bottom shelf | I80: High
A81: 77 | B81: Bourbon | C81: Straight bourbon | D81: Rabbit Hole | E81: Cavehill | F81: USA (Kentucky) | G81: 1 | H81: Photo 1 · bottom shelf, back row | I81: High
A82: 78 | B82: Bourbon | C82: Wheated bourbon | D82: Weller | E82: 12 Year | F82: USA (Kentucky) | G82: 1 | H82: Photo 1 · top shelf (also Photo 3) | I82: High
A83: 79 | B83: Bourbon | C83: Wheated bourbon | D83: Weller | E83: Special Reserve | F83: USA (Kentucky) | G83: 1 | H83: Photo 1 · top shelf (also Photo 3) | I83: High
A84: 80 | B84: Bourbon | C84: Straight bourbon | D84: WhistlePig | E84: PiggyBack 100 Proof Bourbon (6 Year) | F84: USA | G84: 1 | H84: Photo 1 · bottom shelf, back row | I84: Medium | J84: Label partly hidden behind other bottles.
A85: 81 | B85: Bourbon | C85: Blended straight bourbon | D85: Widow Jane | E85: 10 Year | F85: USA (New York) | G85: 1 | H85: Photo 1 · bottom shelf | I85: High
A86: 82 | B86: Bourbon | C86: Straight bourbon | D86: Wild Turkey | E86: Kentucky Straight Bourbon | F86: USA (Kentucky) | G86: 1 | H86: Photo 1 · bottom shelf (also Photo 4) | I86: High | J86: Proof (81 or 101) not visible.
A87: 83 | B87: Rye Whiskey | C87: Finished rye | D87: Angel's Envy | E87: Finished Rye | F87: USA (Kentucky) | G87: 1 | H87: Photo 1 · middle shelf (also Photo 3) | I87: High | J87: Finished in Caribbean rum casks.
A88: 84 | B88: Rye Whiskey | C88: Blended rye | D88: Basil Hayden | E88: Dark Rye | F88: USA / Canada | G88: 1 | H88: Photo 1 · middle shelf | I88: High
A89: 85 | B89: Rye Whiskey | C89: Straight rye | D89: Bulleit | E89: 95 Rye | F89: USA | G89: 1 | H89: Photo 1 · bottom shelf | I89: High
A90: 86 | B90: Rye Whiskey | C90: Bottled in bond | D90: Doc Swinson's | E90: Bottled in Bond Straight Rye (7 Year) | F90: USA | G90: 1 | H90: Photo 1 · middle shelf | I90: High
A91: 87 | B91: American Whiskey | C91: Blend | D91: High West | E91: Campfire | F91: USA (Utah) | G91: 1 | H91: Photo 1 · middle shelf | I91: High | J91: Rye, bourbon and peated Scotch blend.
A92: 88 | B92: American Whiskey | C92: Blend | D92: Traveller | E92: Blend No. 40 | F92: USA (Kentucky) | G92: 1 | H92: Photo 1 · bottom shelf, back row | I92: High
A93: 89 | B93: Irish Whiskey | C93: Blended | D93: Jameson | E93: Irish Whiskey | F93: Ireland | G93: 1 | H93: Photo 4 · bottom shelf (also Photo 1) | I93: High
A94: 90 | B94: Irish Whiskey | C94: Blended | D94: Teeling | E94: Small Batch | F94: Ireland | G94: 1 | H94: Photo 4 · bottom shelf (also Photo 1) | I94: High
A95: 91 | B95: Scotch Whisky | C95: Single malt · Speyside | D95: The Balvenie | E95: Caribbean Cask 14 Year | F95: Scotland | G95: 1 | H95: Photo 4 · top shelf | I95: High
A96: 92 | B96: Scotch Whisky | C96: Single malt · Speyside | D96: The Balvenie | E96: DoubleWood 12 Year | F96: Scotland | G96: 1 | H96: Photo 4 · middle shelf | I96: High
A97: 93 | B97: Scotch Whisky | C97: Single malt · Speyside | D97: Glenfiddich | E97: 12 Year | F97: Scotland | G97: 1 | H97: Photo 4 · middle shelf | I97: High
A98: 94 | B98: Scotch Whisky | C98: Single malt · Speyside | D98: The Glenlivet | E98: 12 Year | F98: Scotland | G98: 1 | H98: Photo 4 · middle shelf (also Photo 1) | I98: High
A99: 95 | B99: Scotch Whisky | C99: Single malt · Speyside | D99: The Macallan | E99: 12 Year Sherry Oak | F99: Scotland | G99: 1 | H99: Photo 4 · middle shelf | I99: High
A100: 96 | B100: Scotch Whisky | C100: Single malt · Speyside | D100: The Macallan | E100: 18 Year Sherry Oak | F100: Scotland | G100: 1 | H100: Photo 4 · top shelf (also Photo 1) | I100: High
A101: 97 | B101: Scotch Whisky | C101: Single malt · Highland | D101: Glenmorangie | E101: The Original 10 Year | F101: Scotland | G101: 1 | H101: Photo 4 · middle shelf | I101: High
...

Sheet Summary
A1: Summary
A3: By category
A4: Category | B4: Products | C4: Bottles
A5: Vodka | B5: =COUNTIF(Inventory!$B$5:$B$116,A5) -> 4 | C5: =SUMIF(Inventory!$B$5:$B$116,A5,Inventory!$G$5:$G$116) -> 4
A6: Gin | B6: =COUNTIF(Inventory!$B$5:$B$116,A6) -> 7 | C6: =SUMIF(Inventory!$B$5:$B$116,A6,Inventory!$G$5:$G$116) -> 7
A7: Rum | B7: =COUNTIF(Inventory!$B$5:$B$116,A7) -> 1 | C7: =SUMIF(Inventory!$B$5:$B$116,A7,Inventory!$G$5:$G$116) -> 1
A8: Tequila | B8: =COUNTIF(Inventory!$B$5:$B$116,A8) -> 43 | C8: =SUMIF(Inventory!$B$5:$B$116,A8,Inventory!$G$5:$G$116) -> 43
A9: Mezcal | B9: =COUNTIF(Inventory!$B$5:$B$116,A9) -> 9 | C9: =SUMIF(Inventory!$B$5:$B$116,A9,Inventory!$G$5:$G$116) -> 9
A10: Bourbon | B10: =COUNTIF(Inventory!$B$5:$B$116,A10) -> 18 | C10: =SUMIF(Inventory!$B$5:$B$116,A10,Inventory!$G$5:$G$116) -> 19
A11: Rye Whiskey | B11: =COUNTIF(Inventory!$B$5:$B$116,A11) -> 4 | C11: =SUMIF(Inventory!$B$5:$B$116,A11,Inventory!$G$5:$G$116) -> 4
A12: American Whiskey | B12: =COUNTIF(Inventory!$B$5:$B$116,A12) -> 2 | C12: =SUMIF(Inventory!$B$5:$B$116,A12,Inventory!$G$5:$G$116) -> 2
A13: Irish Whiskey | B13: =COUNTIF(Inventory!$B$5:$B$116,A13) -> 2 | C13: =SUMIF(Inventory!$B$5:$B$116,A13,Inventory!$G$5:$G$116) -> 2
A14: Scotch Whisky | B14: =COUNTIF(Inventory!$B$5:$B$116,A14) -> 13 | C14: =SUMIF(Inventory!$B$5:$B$116,A14,Inventory!$G$5:$G$116) -> 13
A15: Japanese Whisky | B15: =COUNTIF(Inventory!$B$5:$B$116,A15) -> 6 | C15: =SUMIF(Inventory!$B$5:$B$116,A15,Inventory!$G$5:$G$116) -> 7
A16: Amaro & Liqueur | B16: =COUNTIF(Inventory!$B$5:$B$116,A16) -> 3 | C16: =SUMIF(Inventory!$B$5:$B$116,A16,Inventory!$G$5:$G$116) -> 3
A17: Identified total | B17: =SUM(B5:B16) -> 112 | C17: =SUM(C5:C16) -> 114
A18: Not identified (see Unidentified tab) | C18: =SUM(Unidentified!$D$5:$D$14) -> 10
A19: Bottles counted | C19: =C17+C18 -> 124
A21: Tequila by style
A22: Style | B22: Products | C22: Bottles
A23: Blanco | B23: =COUNTIFS(Inventory!$B$5:$B$116,"Tequila",Inventory!$C$5:$C$116,A23) -> 17 | C23: =SUMIFS(Inventory!$G$5:$G$116,Inventory!$B$5:$B$116,"Tequila",Inventory!$C$5:$C$116,A23) -> 17
A24: Joven | B24: =COUNTIFS(Inventory!$B$5:$B$116,"Tequila",Inventory!$C$5:$C$116,A24) -> 1 | C24: =SUMIFS(Inventory!$G$5:$G$116,Inventory!$B$5:$B$116,"Tequila",Inventory!$C$5:$C$116,A24) -> 1
A25: Reposado | B25: =COUNTIFS(Inventory!$B$5:$B$116,"Tequila",Inventory!$C$5:$C$116,A25) -> 11 | C25: =SUMIFS(Inventory!$G$5:$G$116,Inventory!$B$5:$B$116,"Tequila",Inventory!$C$5:$C$116,A25) -> 11
A26: Añejo | B26: =COUNTIFS(Inventory!$B$5:$B$116,"Tequila",Inventory!$C$5:$C$116,A26) -> 8 | C26: =SUMIFS(Inventory!$G$5:$G$116,Inventory!$B$5:$B$116,"Tequila",Inventory!$C$5:$C$116,A26) -> 8
A27: Extra añejo | B27: =COUNTIFS(Inventory!$B$5:$B$116,"Tequila",Inventory!$C$5:$C$116,A27) -> 3 | C27: =SUMIFS(Inventory!$G$5:$G$116,Inventory!$B$5:$B$116,"Tequila",Inventory!$C$5:$C$116,A27) -> 3
A28: Aged blend | B28: =COUNTIFS(Inventory!$B$5:$B$116,"Tequila",Inventory!$C$5:$C$116,A28) -> 1 | C28: =SUMIFS(Inventory!$G$5:$G$116,Inventory!$B$5:$B$116,"Tequila",Inventory!$C$5:$C$116,A28) -> 1
A29: Unconfirmed | B29: =COUNTIFS(Inventory!$B$5:$B$116,"Tequila",Inventory!$C$5:$C$116,A29) -> 2 | C29: =SUMIFS(Inventory!$G$5:$G$116,Inventory!$B$5:$B$116,"Tequila",Inventory!$C$5:$C$116,A29) -> 2
A31: How sure each ID is
A32: ID confidence | B32: Products | C32: Bottles
A33: High | B33: =COUNTIF(Inventory!$I$5:$I$116,A33) -> 95 | C33: =SUMIF(Inventory!$I$5:$I$116,A33,Inventory!$G$5:$G$116) -> 96
A34: Medium | B34: =COUNTIF(Inventory!$I$5:$I$116,A34) -> 14 | C34: =SUMIF(Inventory!$I$5:$I$116,A34,Inventory!$G$5:$G$116) -> 15
A35: Low | B35: =COUNTIF(Inventory!$I$5:$I$116,A35) -> 3 | C35: =SUMIF(Inventory!$I$5:$I$116,A35,Inventory!$G$5:$G$116) -> 3
A37: How this was counted
A38: Photo 1: Center bays: Japanese whisky, bourbon and rye (Hatozaki, Weller, Basil Hayden, Angel's Envy).
A39: Photo 2: Tequila wall (Tequila Ocho, Fortaleza, El Tesoro, Don Julio, Patrón).
A40: Photo 3: Upper shelves: Clase Azul decanters and mezcal.
A41: Photo 4: Left wall by the warning sign: Scotch, gin and vodka.
A42: Overlaps: The photos overlap. A bottle seen in two photos is counted once and marked 'also Photo X'.
A43: Mirrors: The shelves are backed by mirrors. Reflected (backwards) labels are not counted.
A44: Qty: Bottles visible in the photos, not fill levels. Bottles hidden behind others can't be counted.
A45: High: Brand and expression both readable on the label.
A46: Medium: Brand is certain; expression inferred from the bottle design or a partial label.
A47: Low: Best guess. Check the bottle.
A48: Not counted: About 20 more bottles on the lowest rail in Photo 3 are cut off by the photo.
A49: Not included: Guinness and Paperback Brewing 'Capiche?' tap handles (draft beer, not bottles).

Sheet Unidentified
A1: Bottles seen but not identified
A2: Visible in the photos, but the label was hidden, turned away or cut off. Fill in the brand once you check the shelf.
A4: # | B4: Where in the photos | C4: What's visible | D4: Qty | E4: Brand / product (fill in)
A5: 1 | B5: Photo 4 · bottom shelf (also Photo 1) | C5: Gin in a black, bumpy (hobnail) bottle. Label reads '…STILL… GIN'; brand not visible. | D5: 1
A6: 2 | B6: Photo 1 · bottom shelf, back row | C6: Two frosted-glass bottles with black caps, behind Rabbit Hole. Labels not visible. | D6: 2
A7: 3 | B7: Photo 1 · bottom shelf | C7: Clear round bottle with a black cap and an embossed seal, between Maker's Mark and Four Roses. Label turned away. | D7: 1
A8: 4 | B8: Photo 1 · bottom shelf, back row | C8: Small bottle with silver shimmer in the liquid, behind Four Roses Single Barrel. | D8: 1
A9: 5 | B9: Photo 1 · bottom shelf, back row | C9: Bottle with dark liquid, behind Eagle Rare. | D9: 1
A10: 6 | B10: Photo 2 · bottom shelf, left bay | C10: Bottle in the back row with a black neck label starting 'CHA…'. | D10: 1
A11: 7 | B11: Photo 2 · bottom shelf, left bay | C11: Tall bottle with a blue cap and a coconut-and-lime label, behind Gosling's. | D11: 1
A12: 8 | B12: Photo 2 · bottom shelf, left bay | C12: Bottle with a black oval logo, partly hidden behind Gosling's. | D12: 1
A13: 9 | B13: Photo 2 · bottom shelf, left bay | C13: Green bottle behind Fernet-Branca; only the neck shows. | D13: 1
A14: 10 | B14: Photo 3 · bottom edge of photo | C14: Lower rail cut off by the photo, only bottle necks visible (about 20). Neck labels include 'Louisville Kentucky', '…Watermelon' and '…Melon'.
